"","ONTOLOGY","ID","Description","GeneRatio","BgRatio","pvalue","p.adjust","qvalue","geneID","Count"
"GO:0072329","BP","GO:0072329","monocarboxylic acid catabolic process","34/638","131/18862",5.72164098832062e-21,1.81811980078002e-17,1.62168271446647e-17,"CROT/ACAA1/ALDH3A2/ACACB/HADHA/CRAT/PCK2/FAH/DECR1/PHYH/PECR/SCP2/ACADM/ABCD4/ECHDC2/ACADS/PCK1/ECHS1/SESN2/LPIN3/HADHB/SLC27A2/NUDT7/AUH/ACOX1/CRYL1/SLC27A4/ECI1/ACOX2/ETFDH/CYP4F12/PPARA/ECI2/DECR2",34
"GO:0009062","BP","GO:0009062","fatty acid catabolic process","31/638","106/18862",6.46902615470562e-21,1.81811980078002e-17,1.62168271446647e-17,"CROT/ACAA1/ALDH3A2/ACACB/HADHA/CRAT/PCK2/DECR1/PHYH/PECR/SCP2/ACADM/ABCD4/ECHDC2/ACADS/PCK1/ECHS1/SESN2/LPIN3/HADHB/SLC27A2/NUDT7/AUH/ACOX1/SLC27A4/ECI1/ACOX2/ETFDH/PPARA/ECI2/DECR2",31
"GO:0016054","BP","GO:0016054","organic acid catabolic process","43/638","258/18862",3.27394378655658e-18,5.3457304774089e-15,4.76815593102905e-15,"CROT/ACAA1/ALDH3A2/ACACB/HADHA/CRAT/PCK2/FAH/DECR1/OGDH/PHYH/PECR/SCP2/CTH/ACADM/ABCD4/ALDH6A1/ECHDC2/ACADS/PCK1/ECHS1/MPST/SESN2/RIDA/LPIN3/GLUL/HADHB/SLC27A2/NUDT7/AUH/GLUD1/ACOX1/CRYL1/SLC27A4/ECI1/ACOX2/ETFDH/ACOT4/ABAT/CYP4F12/PPARA/ECI2/DECR2",43
"GO:0044282","BP","GO:0044282","small molecule catabolic process","56/638","431/18862",3.8041134868592e-18,5.3457304774089e-15,4.76815593102905e-15,"CROT/DERA/ACAA1/HAGH/INPP5A/ALDH3A2/ACACB/HADHA/CRAT/PCK2/FAH/DECR1/OGDH/PHYH/PECR/SCP2/CTH/ACADM/ABCD4/ALDH6A1/ECHDC2/ACADS/PCK1/ECHS1/MPST/SESN2/RIDA/LPIN3/GLUL/CYP27A1/HADHB/SLC27A2/NUDT7/AUH/GLUD1/FUT6/ADPGK/ACOX1/BPNT1/PGM2L1/CRYL1/SLC27A4/ECI1/GLYCTK/ACOX2/NUDT9/ETFDH/ACOT4/ABAT/INPP5J/CYP4F12/PPARA/AKR1C3/AKR1B10/ECI2/DECR2",56
"GO:0046395","BP","GO:0046395","carboxylic acid catabolic process","41/638","243/18862",1.28723888792937e-17,1.4471139578102e-14,1.29076185751739e-14,"CROT/ACAA1/ALDH3A2/ACACB/HADHA/CRAT/PCK2/FAH/DECR1/OGDH/PHYH/PECR/SCP2/ACADM/ABCD4/ALDH6A1/ECHDC2/ACADS/PCK1/ECHS1/SESN2/RIDA/LPIN3/GLUL/HADHB/SLC27A2/NUDT7/AUH/GLUD1/ACOX1/CRYL1/SLC27A4/ECI1/ACOX2/ETFDH/ACOT4/ABAT/CYP4F12/PPARA/ECI2/DECR2",41
"GO:0016042","BP","GO:0016042","lipid catabolic process","48/638","340/18862",3.69049008283319e-17,3.45737412593422e-14,3.08382530956745e-14,"CROT/PAFAH1B1/ACAA1/GBA2/ALDH3A2/PLD1/ACACB/HADHA/CRAT/ABHD4/DDHD1/PCK2/SMPD3/DECR1/RARRES2/PHYH/PECR/SCP2/ACADM/ABCD4/ECHDC2/ACADS/PCK1/THRA/ECHS1/SESN2/LPIN3/CYP27A1/HADHB/NAAA/SLC27A2/NUDT7/SRD5A1/AUH/PAFAH2/ACOX1/SLC27A4/ECI1/ACOX2/ETFDH/CES2/CYP4F12/PPARA/AKR1C3/AKR1B10/ECI2/DECR2/GBA3",48
"GO:0019395","BP","GO:0019395","fatty acid oxidation","27/638","105/18862",8.34010620070284e-17,6.69710527916438e-14,5.97352268179663e-14,"PDK4/CROT/ACAA1/ALDH3A2/ACACB/HADHA/CRAT/DECR1/PHYH/PECR/SCP2/ACADM/ABCD4/ECHDC2/ACADS/ECHS1/SESN2/HADHB/SLC27A2/AUH/ACOX1/ECI1/ACOX2/ETFDH/PPARA/ECI2/DECR2",27
"GO:0006635","BP","GO:0006635","fatty acid beta-oxidation","23/638","75/18862",2.29993251181711e-16,1.6159900811155e-13,1.4413919149717e-13,"CROT/ACAA1/ACACB/HADHA/CRAT/DECR1/SCP2/ACADM/ABCD4/ECHDC2/ACADS/ECHS1/SESN2/HADHB/SLC27A2/AUH/ACOX1/ECI1/ACOX2/ETFDH/PPARA/ECI2/DECR2",23
"GO:0034440","BP","GO:0034440","lipid oxidation","27/638","110/18862",2.99892499789436e-16,1.87299526812936e-13,1.67062921227729e-13,"PDK4/CROT/ACAA1/ALDH3A2/ACACB/HADHA/CRAT/DECR1/PHYH/PECR/SCP2/ACADM/ABCD4/ECHDC2/ACADS/ECHS1/SESN2/HADHB/SLC27A2/AUH/ACOX1/ECI1/ACOX2/ETFDH/PPARA/ECI2/DECR2",27
"GO:0006631","BP","GO:0006631","fatty acid metabolic process","50/638","392/18862",5.53828281632713e-16,3.11306877105748e-13,2.77672011096486e-13,"PDK4/PRKAR2B/CROT/ACAA1/ALDH3A2/ACACB/HADHA/CRAT/CREM/PCK2/MAPK3/DECR1/PTGR1/PHYH/PECR/SCP2/ACADM/ABCD4/EPHX2/ECHDC2/ACADS/PCK1/ECHS1/SESN2/LPIN3/CYP2J2/HADHB/NAAA/SLC27A2/NUDT7/AUH/ACOX1/ACOT11/HPGD/CRYL1/SLC27A4/CYP2S1/ECI1/ACOX2/GSTM4/ETFDH/CES2/ACOT4/ZADH2/CYP4F12/PPARA/AKR1C3/ACSL5/ECI2/DECR2",50
"GO:0044242","BP","GO:0044242","cellular lipid catabolic process","36/638","230/18862",1.43195888962787e-14,7.31730992599841e-12,6.52671788640913e-12,"CROT/ACAA1/GBA2/ALDH3A2/ACACB/HADHA/CRAT/PCK2/SMPD3/DECR1/PHYH/PECR/SCP2/ACADM/ABCD4/ECHDC2/ACADS/PCK1/ECHS1/SESN2/LPIN3/HADHB/SLC27A2/NUDT7/AUH/ACOX1/SLC27A4/ECI1/ACOX2/ETFDH/PPARA/AKR1C3/AKR1B10/ECI2/DECR2/GBA3",36
"GO:0030258","BP","GO:0030258","lipid modification","35/638","270/18862",9.33025689543742e-12,4.37044783410448e-09,3.89824680640074e-09,"PDK4/CROT/ACAA1/SPHK2/INPP5A/GBA2/ALDH3A2/ACACB/HADHA/CRAT/DECR1/PHYH/LPCAT3/PECR/SCP2/ACADM/ABCD4/EPHX2/ECHDC2/ACADS/ECHS1/SESN2/ITPKA/HADHB/SLC27A2/AUH/ACOX1/BPNT1/ECI1/ACOX2/ETFDH/INPP5J/PPARA/ECI2/DECR2",35
"GO:0043574","BP","GO:0043574","peroxisomal transport","17/638","72/18862",1.92704593449492e-10,8.33225015215074e-08,7.4319998267201e-08,"CROT/ACAA1/UBE2D1/CRAT/PHYH/PECR/SCP2/ABCD4/EPHX2/CAT/SLC27A2/NUDT7/ACOX1/ACOX2/ACOT4/ECI2/DECR2",17
"GO:0007031","BP","GO:0007031","peroxisome organization","18/638","84/18862",3.13668330479408e-10,1.25937834687482e-07,1.12330996847626e-07,"CROT/ACAA1/UBE2D1/CRAT/PHYH/PECR/SCP2/ABCD4/EPHX2/CAT/SLC27A2/NUDT7/ACOX1/TMEM135/ACOX2/ACOT4/ECI2/DECR2",18
"GO:0006625","BP","GO:0006625","protein targeting to peroxisome","16/638","68/18862",6.98152443428476e-10,2.30842052030086e-07,2.05900934244572e-07,"CROT/ACAA1/UBE2D1/CRAT/PHYH/PECR/SCP2/EPHX2/CAT/SLC27A2/NUDT7/ACOX1/ACOX2/ACOT4/ECI2/DECR2",16
"GO:0072662","BP","GO:0072662","protein localization to peroxisome","16/638","68/18862",6.98152443428476e-10,2.30842052030086e-07,2.05900934244572e-07,"CROT/ACAA1/UBE2D1/CRAT/PHYH/PECR/SCP2/EPHX2/CAT/SLC27A2/NUDT7/ACOX1/ACOX2/ACOT4/ECI2/DECR2",16
"GO:0072663","BP","GO:0072663","establishment of protein localization to peroxisome","16/638","68/18862",6.98152443428476e-10,2.30842052030086e-07,2.05900934244572e-07,"CROT/ACAA1/UBE2D1/CRAT/PHYH/PECR/SCP2/EPHX2/CAT/SLC27A2/NUDT7/ACOX1/ACOX2/ACOT4/ECI2/DECR2",16
"GO:0033540","BP","GO:0033540","fatty acid beta-oxidation using acyl-CoA oxidase","8/638","15/18862",8.55760879002645e-09,2.67235105604104e-06,2.38361933724538e-06,"CROT/ACAA1/CRAT/SCP2/ACOX1/ACOX2/ECI2/DECR2",8
"GO:1904970","BP","GO:1904970","brush border assembly","5/638","5/18862",4.36085628037259e-08,1.27736246230252e-05,1.13935100664742e-05,"USH1C/CDHR2/CDHR5/MYO7B/ANKS4B",5
"GO:0032528","BP","GO:0032528","microvillus organization","9/638","24/18862",4.54496517453307e-08,1.27736246230252e-05,1.13935100664742e-05,"USH1C/CDHR2/PLD1/CDHR5/SLC9A3R1/VIL1/TNIK/MYO1A/ESPN",9
"GO:0006066","BP","GO:0006066","alcohol metabolic process","33/638","373/18862",5.17837015802023e-07,0.000138607707896342,0.000123631965226318,"NR1H4/RETSAT/SPHK2/INPP5A/GBA2/ALDH3A2/ACACB/ITPK1/PCK2/MOGAT3/NFKB1/LPCAT3/PECR/EPHX2/CAT/PCK1/FMO5/CYP27A1/FDX1/ITPKA/NAAA/OSBPL1A/DHRS3/BPNT1/MOGAT2/DEGS2/PPIP5K1/SPTLC3/ADH6/INPP5J/AKR1C3/AKR1B10/CETP",33
"GO:0050854","BP","GO:0050854","regulation of antigen receptor-mediated signaling pathway","12/638","66/18862",1.8714705820676e-06,0.000478160733718271,0.000426498295808036,"CBFB/PLCL2/MALT1/CD22/STAP1/CCR7/TESPA1/BLK/FCRL3/GCSAM/CD19/CARD11",12
"GO:0071578","BP","GO:0071578","zinc ion import across plasma membrane","5/638","8/18862",2.24296785217053e-06,0.000548161839002197,0.000488936195875891,"SLC39A14/SLC39A8/SLC39A5/SLC39A4/SLC30A1",5
"GO:0050855","BP","GO:0050855","regulation of B cell receptor signaling pathway","8/638","28/18862",2.7980080232679e-06,0.000655316795782869,0.000584513693632675,"CBFB/PLCL2/CD22/STAP1/BLK/FCRL3/GCSAM/CD19",8
"GO:0006605","BP","GO:0006605","protein targeting","34/638","441/18862",7.52942362859618e-06,0.00169291560865357,0.00151000609444226,"CROT/BID/ACAA1/UBE2D1/CRAT/SLC1A1/SEC61B/PHYH/FBXW7/ERBIN/PECR/SCP2/RHOU/MFN2/EPHX2/CAT/AP1M2/SLC27A2/NUDT7/ATG3/SRPRB/ANK3/ZFAND2B/TOMM40L/ACOX1/SSR2/ACOX2/SRP72/ACOT4/SLC51B/SGTB/VPS13A/ECI2/DECR2",34
"GO:0001676","BP","GO:0001676","long-chain fatty acid metabolic process","15/638","120/18862",1.3041358585862e-05,0.00264176112364381,0.00235633446603722,"ACAA1/MAPK3/SCP2/EPHX2/CYP2J2/SLC27A2/ACOX1/HPGD/SLC27A4/CYP2S1/GSTM4/ACOT4/CYP4F12/AKR1C3/ACSL5",15
"GO:0006805","BP","GO:0006805","xenobiotic metabolic process","15/638","120/18862",1.3041358585862e-05,0.00264176112364381,0.00235633446603722,"AOC1/ACAA1/MTARC2/POR/CYP2J2/BPHL/MGST3/RORC/NR1I2/NAT2/AKR7A3/CMBL/CYP2S1/GSTM4/CES2",15
"GO:0046459","BP","GO:0046459","short-chain fatty acid metabolic process","6/638","17/18862",1.3159457652024e-05,0.00264176112364381,0.00235633446603722,"CRAT/PCK2/PHYH/ACADS/PCK1/ACOT4",6
"GO:0000038","BP","GO:0000038","very long-chain fatty acid metabolic process","8/638","34/18862",1.36599793184387e-05,0.0026476808189291,0.0023616145732749,"ACAA1/ABCD4/SLC27A2/ACOX1/SLC27A4/ACOX2/ACOT4/CYP4F12",8
"GO:0043648","BP","GO:0043648","dicarboxylic acid metabolic process","13/638","96/18862",2.05720418409558e-05,0.00385451490626709,0.0034380573785429,"NR1H4/ALDH18A1/MTHFD2/ME2/PCK2/OGDH/PHYH/MTHFD1L/PCK1/GLUL/GLUD1/SLC25A32/ACOT4",13
"GO:0071466","BP","GO:0071466","cellular response to xenobiotic stimulus","15/638","125/18862",2.13886527833115e-05,0.00387824571919335,0.00345922421755221,"AOC1/ACAA1/MTARC2/POR/CYP2J2/BPHL/MGST3/RORC/NR1I2/NAT2/AKR7A3/CMBL/CYP2S1/GSTM4/CES2",15
"GO:0033559","BP","GO:0033559","unsaturated fatty acid metabolic process","14/638","115/18862",3.39996791051056e-05,0.00581617537799317,0.00518777204381717,"ACAA1/MAPK3/PTGR1/SCP2/EPHX2/CYP2J2/ACOX1/HPGD/CYP2S1/CES2/ZADH2/CYP4F12/AKR1C3/DECR2",14
"GO:0019751","BP","GO:0019751","polyol metabolic process","15/638","130/18862",3.41458437064178e-05,0.00581617537799317,0.00518777204381717,"SPHK2/INPP5A/ITPK1/PCK2/MOGAT3/PCK1/CYP27A1/ITPKA/NAAA/BPNT1/MOGAT2/DEGS2/PPIP5K1/SPTLC3/INPP5J",15
"GO:0009410","BP","GO:0009410","response to xenobiotic stimulus","15/638","131/18862",3.7380825663526e-05,0.00585241269815768,0.00522009413596102,"AOC1/ACAA1/MTARC2/POR/CYP2J2/BPHL/MGST3/RORC/NR1I2/NAT2/AKR7A3/CMBL/CYP2S1/GSTM4/CES2",15
"GO:0002408","BP","GO:0002408","myeloid dendritic cell chemotaxis","3/638","3/18862",3.85232645137581e-05,0.00585241269815768,0.00522009413596102,"CCR7/CCL21/CCL19",3
"GO:0097026","BP","GO:0097026","dendritic cell dendrite assembly","3/638","3/18862",3.85232645137581e-05,0.00585241269815768,0.00522009413596102,"CCR7/CCL21/CCL19",3
"GO:2000547","BP","GO:2000547","regulation of dendritic cell dendrite assembly","3/638","3/18862",3.85232645137581e-05,0.00585241269815768,0.00522009413596102,"CCR7/CCL21/CCL19",3
"GO:0032532","BP","GO:0032532","regulation of microvillus length","4/638","7/18862",4.18373604901972e-05,0.00613591803448428,0.00547296839825254,"USH1C/CDHR2/CDHR5/VIL1",4
"GO:0016024","BP","GO:0016024","CDP-diacylglycerol biosynthetic process","5/638","13/18862",4.4755851167738e-05,0.00613591803448428,0.00547296839825254,"GPAT3/AGPAT3/CDS1/AGPAT2/AGPAT1",5
"GO:0032530","BP","GO:0032530","regulation of microvillus organization","5/638","13/18862",4.4755851167738e-05,0.00613591803448428,0.00547296839825254,"USH1C/CDHR2/PLD1/CDHR5/VIL1",5
"GO:0046341","BP","GO:0046341","CDP-diacylglycerol metabolic process","5/638","13/18862",4.4755851167738e-05,0.00613591803448428,0.00547296839825254,"GPAT3/AGPAT3/CDS1/AGPAT2/AGPAT1",5
"GO:0008202","BP","GO:0008202","steroid metabolic process","26/638","329/18862",5.83023953471177e-05,0.00780280391062258,0.00695975711875493,"NR1H4/ACAA1/GAL/GBA2/ACACB/HSD17B2/PLEKHA1/NFKB1/LPCAT3/SCP2/EPHX2/CAT/FMO5/CYP27A1/FDX1/SLC27A2/OSBPL1A/RORC/NR1I2/SRD5A1/ATP1A1/CYB5R2/ACOX2/PBX1/AKR1C3/CETP",26
"GO:0070661","BP","GO:0070661","leukocyte proliferation","25/638","312/18862",6.44180481963277e-05,0.00842078718398972,0.00751097095615933,"GAL/NCK2/SOS2/MAPK3/CD276/RIPK2/PRKAR1A/TWSG1/IL6ST/ENPP3/PLCL2/GREM1/MALT1/CD22/CR2/TNFSF11/BLK/LEF1/HHEX/MS4A1/FCRL3/IKZF3/CCL19/CD19/CARD11",25
"GO:0009636","BP","GO:0009636","response to toxic substance","21/638","239/18862",6.65808820379782e-05,0.00850570768035171,0.00758671629538015,"IYD/ASNS/MAPK3/MTARC2/ABCG2/EPHX2/CAT/PRXL2A/MPST/SESN2/DDC/BPHL/MGST3/SRD5A1/ALAD/AKR7A3/SLC30A1/PDZD3/GPX2/SLC22A5/AKR1B10",21
"GO:0046486","BP","GO:0046486","glycerolipid metabolic process","31/638","433/18862",7.68307897598955e-05,0.00959701931645273,0.008560118166699,"PAFAH1B1/NR1H4/INPP5A/PLD1/HADHA/ABHD4/DDHD1/PCK2/MOGAT3/PLEKHA1/FBXW7/CHPT1/LPCAT3/CAT/PCK1/LPIN3/ITPKA/HADHB/GPAT3/NAAA/OSBPL10/AGPAT3/BPNT1/CDS1/MOGAT2/AGPAT2/INPP5J/PLSCR1/AGPAT1/CETP/PLEKHA2",31
"GO:0031529","BP","GO:0031529","ruffle organization","9/638","55/18862",8.66182493399353e-05,0.010584373468256,0.00944079454476229,"CARMIL1/PLEKHA1/DEF8/EPS8L2/RCC2/EPS8L3/STAP1/CCR7/CCL21",9
"GO:0044262","BP","GO:0044262","cellular carbohydrate metabolic process","23/638","288/18862",0.000131281743850657,0.0157007379188201,0.0140043660909447,"PDK4/INPP5A/FAM3A/ACACB/ITPK1/PCK2/MOGAT3/PCK1/SESN2/IL6ST/ITPKA/PMAIP1/RORC/BPNT1/PGM2L1/MOGAT2/PPIP5K1/B3GNT8/C1QTNF12/INPP5J/PPP1CC/PPARA/GBA3",23
"GO:0030033","BP","GO:0030033","microvillus assembly","5/638","16/18862",0.000139590830007286,0.0160369926944684,0.0143042905277676,"PLD1/SLC9A3R1/TNIK/MYO1A/ESPN",5
"GO:0001561","BP","GO:0001561","fatty acid alpha-oxidation","4/638","9/18862",0.000142652487942255,0.0160369926944684,0.0143042905277676,"ALDH3A2/PHYH/PECR/SLC27A2",4
"GO:0019626","BP","GO:0019626","short-chain fatty acid catabolic process","4/638","9/18862",0.000142652487942255,0.0160369926944684,0.0143042905277676,"PCK2/PHYH/ACADS/PCK1",4
"GO:0006520","BP","GO:0006520","cellular amino acid metabolic process","25/638","331/18862",0.00016424140373615,0.0181019790274686,0.0161461673064041,"PSMB1/IYD/NR1H4/ALDH18A1/ASNS/FAH/OGDH/GARS1/SEPSECS/DARS1/CTH/AGMAT/ALDH6A1/MPST/DDC/RIDA/GLUL/BPHL/SLC39A8/AUH/GLUD1/MARS1/SEPHS2/PPA1/ABAT",25
"GO:0022409","BP","GO:0022409","positive regulation of cell-cell adhesion","22/638","276/18862",0.000187464766404954,0.0202642202300432,0.0180747911414331,"PRKCZ/CBFB/NCK2/PIEZO1/CD276/RIPK2/GCNT2/PCK1/IL6ST/ANK3/MAGI1/MALT1/CD83/TNFSF11/CCR7/TESPA1/CCL21/LEF1/CXCL13/CCL19/BTLA/CARD11",22
"GO:0032868","BP","GO:0032868","response to insulin","22/638","278/18862",0.000207657739901607,0.0220234746412629,0.0196439685233636,"PDK4/NR1H4/BCAR1/PRKCZ/GAL/PCK2/EEF2K/SLC39A14/RARRES2/CAT/PCK1/SESN2/LPIN3/ATP6V1G1/SRD5A1/EIF4EBP2/MARS1/SLC27A4/C1QTNF12/FOXO4/PPARA/PTPN1",22
"GO:0006654","BP","GO:0006654","phosphatidic acid biosynthetic process","8/638","49/18862",0.000217062443380094,0.0225945924859169,0.0201533804643156,"NR1H4/PLD1/ABHD4/DDHD1/GPAT3/AGPAT3/AGPAT2/AGPAT1",8
"GO:0032536","BP","GO:0032536","regulation of cell projection size","4/638","10/18862",0.000231395438738695,0.0236486138390946,0.0210935210471273,"USH1C/CDHR2/CDHR5/VIL1",4
"GO:0006869","BP","GO:0006869","lipid transport","31/638","461/18862",0.000236157463211987,0.0237043053699032,0.0211431954375694,"CROT/NR1H4/GAL/ACACB/ABCB1/ATP11C/SLC1A1/NFKB1/LPCAT3/SCP2/ABCD4/EEPD1/SLC27A2/OSBPL1A/GULP1/OSBPL10/GJA1/PLA2R1/SLC51A/SLC27A4/C2CD2L/SLCO3A1/GRAMD1C/SLC25A20/SLC51B/PPARA/PLSCR1/ACSL5/NMB/CETP/TNFSF11",31
"GO:0032271","BP","GO:0032271","regulation of protein polymerization","19/638","225/18862",0.000243895629037453,0.0240515321196408,0.0214529063916046,"SCIN/GBA2/NCK2/CAMSAP3/CARMIL1/MAPRE1/VIL1/BAIAP2L2/VILL/ARPC5L/PRUNE1/IQGAP2/ARHGAP18/CDC42EP4/INPP5J/TRIM27/CYFIP2/CCR7/CCL21",19
"GO:0008206","BP","GO:0008206","bile acid metabolic process","8/638","50/18862",0.000250851125822335,0.0243109341077129,0.0216842815297964,"NR1H4/ACAA1/GBA2/SCP2/CYP27A1/SLC27A2/OSBPL1A/ACOX2",8
"GO:0046473","BP","GO:0046473","phosphatidic acid metabolic process","8/638","51/18862",0.000288824526284486,0.0268835914156158,0.0239789784384831,"NR1H4/PLD1/ABHD4/DDHD1/GPAT3/AGPAT3/AGPAT2/AGPAT1",8
"GO:0015849","BP","GO:0015849","organic acid transport","24/638","324/18862",0.000293934396231078,0.0268835914156158,0.0239789784384831,"CROT/NR1H4/ACACB/ABCB1/SLC1A1/SLC9A3R1/ABCG2/ABCD4/SLC36A1/SLC3A1/SLC27A2/GJA1/PLA2R1/SLC51A/SFXN1/SLC25A32/SLC27A4/SLC25A20/SLC36A4/SLC51B/PPARA/ACSL5/NMB/TNFSF11",24
"GO:0046887","BP","GO:0046887","positive regulation of hormone secretion","13/638","124/18862",0.00029506181591015,0.0268835914156158,0.0239789784384831,"NR1H4/GAL/JAK2/PCK2/VAMP8/EDN3/GLUD1/GJA1/C2CD2L/C1QTNF12/NMB/TNFSF11/BLK",13
"GO:0045017","BP","GO:0045017","glycerolipid biosynthetic process","21/638","266/18862",0.000296527782915527,0.0268835914156158,0.0239789784384831,"NR1H4/PLD1/ABHD4/DDHD1/PCK2/MOGAT3/PLEKHA1/FBXW7/CHPT1/LPCAT3/PCK1/LPIN3/GPAT3/AGPAT3/CDS1/MOGAT2/AGPAT2/INPP5J/PLSCR1/AGPAT1/PLEKHA2",21
"GO:0006650","BP","GO:0006650","glycerophospholipid metabolic process","25/638","346/18862",0.00032290868600673,0.0278040172110483,0.0247999576730537,"PAFAH1B1/NR1H4/INPP5A/PLD1/HADHA/ABHD4/DDHD1/PLEKHA1/CHPT1/LPCAT3/LPIN3/ITPKA/HADHB/GPAT3/NAAA/OSBPL10/AGPAT3/BPNT1/CDS1/AGPAT2/INPP5J/PLSCR1/AGPAT1/CETP/PLEKHA2",25
"GO:0051092","BP","GO:0051092","positive regulation of NF-kappaB transcription factor activity","15/638","159/18862",0.000333491586726294,0.0278040172110483,0.0247999576730537,"PRKCZ/RPS6KA5/RIPK2/NFKB1/CTH/CAT/GREM1/MALT1/SLCO3A1/RIPK4/TRIM27/LTF/TRAF5/TNFSF11/CARD11",15
"GO:0042908","BP","GO:0042908","xenobiotic transport","7/638","40/18862",0.000345573430649913,0.0278040172110483,0.0247999576730537,"ABCB1/ABCC6/ABCG2/SLC36A1/NR1I2/GJA1/SLC22A5",7
"GO:0055069","BP","GO:0055069","zinc ion homeostasis","7/638","40/18862",0.000345573430649913,0.0278040172110483,0.0247999576730537,"SLC39A14/SLC1A1/SLC39A8/SLC39A5/SLC39A4/SLC30A1/TMC8",7
"GO:0097048","BP","GO:0097048","dendritic cell apoptotic process","4/638","11/18862",0.000353907569138617,0.0278040172110483,0.0247999576730537,"CCR7/BLK/CCL21/CCL19",4
"GO:2000668","BP","GO:2000668","regulation of dendritic cell apoptotic process","4/638","11/18862",0.000353907569138617,0.0278040172110483,0.0247999576730537,"CCR7/BLK/CCL21/CCL19",4
"GO:0072337","BP","GO:0072337","modified amino acid transport","6/638","29/18862",0.00035725526773737,0.0278040172110483,0.0247999576730537,"SLC9A3R1/SLC3A1/GJA1/SLC25A32/SLC25A20/SLC22A5",6
"GO:0001923","BP","GO:0001923","B-1 B cell differentiation","3/638","5/18862",0.000366037586482401,0.0278040172110483,0.0247999576730537,"PLCL2/MALT1/CD19",3
"GO:0006104","BP","GO:0006104","succinyl-CoA metabolic process","3/638","5/18862",0.000366037586482401,0.0278040172110483,0.0247999576730537,"OGDH/SUCLA2/ACOT4",3
"GO:0015691","BP","GO:0015691","cadmium ion transport","3/638","5/18862",0.000366037586482401,0.0278040172110483,0.0247999576730537,"SLC39A14/SLC39A8/SLC30A1",3
"GO:0019732","BP","GO:0019732","antifungal humoral response","3/638","5/18862",0.000366037586482401,0.0278040172110483,0.0247999576730537,"FAM3A/RARRES2/LTF",3
"GO:0070574","BP","GO:0070574","cadmium ion transmembrane transport","3/638","5/18862",0.000366037586482401,0.0278040172110483,0.0247999576730537,"SLC39A14/SLC39A8/SLC30A1",3
"GO:0006984","BP","GO:0006984","ER-nucleus signaling pathway","8/638","53/18862",0.000378876558703269,0.0280675584083012,0.0250350248033668,"ASNS/NCK2/TMED2/FBXW7/LPCAT3/AMFR/HSP90B1/PTPN1",8
"GO:0032535","BP","GO:0032535","regulation of cellular component size","26/638","370/18862",0.000379493762503272,0.0280675584083012,0.0250350248033668,"USH1C/SCIN/SEMA3B/GBA2/NCK2/CDHR2/CARMIL1/CDHR5/SLC9A3R1/TTL/VIL1/BAIAP2L2/VILL/ARPC5L/SEMA6D/IQGAP2/ARHGAP18/TMEM123/DEPTOR/CFL2/RILP/CDC42EP4/TRIM27/CYFIP2/CCR7/CCL21",26
"GO:1901653","BP","GO:1901653","cellular response to peptide","27/638","391/18862",0.000388235160070242,0.0283411666851277,0.0252790713248744,"PDK4/PRKAR2B/NR1H4/BCAR1/PRKCZ/JAK2/PCK2/SMPD3/EEF2K/RIPK2/SLC39A14/RARRES2/PRKAR1A/NFKB1/PCK1/KLF2/LPIN3/ATP6V1G1/SRD5A1/EIF4EBP2/GJA1/ADCY9/MARS1/SLC27A4/C1QTNF12/FOXO4/PTPN1",27
"GO:0007015","BP","GO:0007015","actin filament organization","29/638","435/18862",0.000427579366505754,0.0304192363057156,0.0271326178192911,"USH1C/SCIN/ARHGEF5/BCAR1/GBA2/NCK2/ACTN1/NEBL/CARMIL1/JAK2/ELMO3/VIL1/BAIAP2L2/GDPD2/VILL/ARPC5L/IQGAP2/ARHGAP18/CFL2/HSP90B1/MYO1A/MYO7B/SYNPO/CDC42EP4/ESPN/TRIM27/CYFIP2/CCR7/CCL21",29
"GO:0043434","BP","GO:0043434","response to peptide hormone","29/638","435/18862",0.000427579366505754,0.0304192363057156,0.0271326178192911,"PDK4/PRKAR2B/NR1H4/BCAR1/PRKCZ/GAL/JAK2/PCK2/EEF2K/SLC39A14/RARRES2/PRKAR1A/NFKB1/CAT/PCK1/SESN2/LPIN3/ATP6V1G1/SRD5A1/EIF4EBP2/GJA1/ADCY9/MARS1/SLC27A4/C1QTNF12/FOXO4/PPARA/PTPN1/HHEX",29
"GO:0030838","BP","GO:0030838","positive regulation of actin filament polymerization","11/638","97/18862",0.000432937004884762,0.0304192363057156,0.0271326178192911,"SCIN/NCK2/CARMIL1/VIL1/BAIAP2L2/ARPC5L/IQGAP2/CDC42EP4/TRIM27/CCR7/CCL21",11
"GO:0022407","BP","GO:0022407","regulation of cell-cell adhesion","29/638","437/18862",0.000460526927656871,0.0319215468763612,0.0284726126222359,"PRKCZ/CBFB/NCK2/JAK2/PIEZO1/CD276/RIPK2/PRKAR1A/GCNT2/EPB41L5/PCK1/TWSG1/IL6ST/ANK3/MAGI1/PRKCA/MALT1/PPARA/CD83/TNFSF11/CCR7/TESPA1/BLK/CCL21/LEF1/CXCL13/CCL19/BTLA/CARD11",29
"GO:0006766","BP","GO:0006766","vitamin metabolic process","13/638","130/18862",0.000467927238888238,0.0319215468763612,0.0284726126222359,"MTHFD2/SLC52A3/NFKB1/ABCD4/MTHFD1L/RFK/SLC19A3/CYP27A1/SLC25A32/AMN/BTD/CYP4F12/AKR1C3",13
"GO:0019432","BP","GO:0019432","triglyceride biosynthetic process","7/638","42/18862",0.000471661188957222,0.0319215468763612,0.0284726126222359,"PCK2/MOGAT3/FBXW7/PCK1/LPIN3/GPAT3/MOGAT2",7
"GO:0016053","BP","GO:0016053","organic acid biosynthetic process","24/638","335/18862",0.00047703432442881,0.0319215468763612,0.0284726126222359,"PDK4/NR1H4/ALDH18A1/ASNS/ACACB/PECR/SCP2/CTH/MTHFD1L/EPHX2/GLUL/CYP27A1/SUCLA2/SLC27A2/OSBPL1A/MGST3/GLUD1/HPGD/ACOX2/GSTM4/ACOT4/SEPHS2/AKR1C3/DECR2",24
"GO:0015711","BP","GO:0015711","organic anion transport","26/638","376/18862",0.000484174639483343,0.032018184100422,0.0285588087660577,"SLC25A5/NR1H4/ABCC6/SLC17A9/SLC52A3/SLC1A1/SLC9A3R1/ABCG2/SLC36A1/SLC35D2/SLC3A1/SLC39A8/SLC17A4/GJA1/PLA2R1/SLC51A/SFXN1/SLC25A32/CYB5R2/SLC27A4/SLC16A5/SLCO3A1/SLC36A4/SLC51B/NMB/TNFSF11",26
"GO:0006644","BP","GO:0006644","phospholipid metabolic process","28/638","419/18862",0.000514183656334663,0.0336072829332226,0.0299762148729743,"PAFAH1B1/NR1H4/SPHK2/INPP5A/PLD1/HADHA/ABHD4/DDHD1/SMPD3/PLEKHA1/CHPT1/LPCAT3/LPIN3/ITPKA/HADHB/GPAT3/NAAA/OSBPL10/AGPAT3/BPNT1/CDS1/DOLPP1/AGPAT2/INPP5J/PLSCR1/AGPAT1/CETP/PLEKHA2",28
"GO:0008064","BP","GO:0008064","regulation of actin polymerization or depolymerization","16/638","185/18862",0.000566860154230694,0.0366243784704682,0.0326673310901488,"SCIN/GBA2/NCK2/CARMIL1/VIL1/BAIAP2L2/VILL/ARPC5L/IQGAP2/ARHGAP18/CFL2/CDC42EP4/TRIM27/CYFIP2/CCR7/CCL21",16
"GO:0030832","BP","GO:0030832","regulation of actin filament length","16/638","186/18862",0.000601280611698988,0.0384067990722729,0.0342571716928503,"SCIN/GBA2/NCK2/CARMIL1/VIL1/BAIAP2L2/VILL/ARPC5L/IQGAP2/ARHGAP18/CFL2/CDC42EP4/TRIM27/CYFIP2/CCR7/CCL21",16
"GO:0048008","BP","GO:0048008","platelet-derived growth factor receptor signaling pathway","8/638","57/18862",0.000627469295601437,0.039417040490131,0.0351582625032995,"BCAR1/JAK2/SMPD3/ZFAND5/PLEKHA1/SLC9A3R1/PTPN12/PTPN1",8
"GO:0030833","BP","GO:0030833","regulation of actin filament polymerization","15/638","169/18862",0.000637051856637617,0.039417040490131,0.0351582625032995,"SCIN/GBA2/NCK2/CARMIL1/VIL1/BAIAP2L2/VILL/ARPC5L/IQGAP2/ARHGAP18/CDC42EP4/TRIM27/CYFIP2/CCR7/CCL21",15
"GO:0043254","BP","GO:0043254","regulation of protein-containing complex assembly","29/638","446/18862",0.000638133905817813,0.039417040490131,0.0351582625032995,"SCIN/BID/PRKCZ/GBA2/NCK2/CAMSAP3/CARMIL1/RBX1/MAPRE1/RIOK3/PIEZO1/THRA/VIL1/BAIAP2L2/VILL/ARPC5L/PRUNE1/IQGAP2/ARHGAP18/CDC42EP4/INPP5J/TRIM27/CYFIP2/TCL1A/CCR7/CCL21/CXCL13/TMC8/NLRC3",29
"GO:0030041","BP","GO:0030041","actin filament polymerization","16/638","188/18862",0.00067551212307277,0.0412723222151309,0.036813092015968,"SCIN/GBA2/NCK2/CARMIL1/JAK2/VIL1/BAIAP2L2/VILL/ARPC5L/IQGAP2/ARHGAP18/CDC42EP4/TRIM27/CYFIP2/CCR7/CCL21",16
"GO:0046942","BP","GO:0046942","carboxylic acid transport","21/638","284/18862",0.000703096632433297,0.042216309613415,0.0376550871616205,"NR1H4/ABCC6/SLC1A1/SLC9A3R1/ABCG2/SLC36A1/SLC35D2/SLC3A1/SLC17A4/GJA1/PLA2R1/SLC51A/SFXN1/SLC25A32/SLC27A4/SLC16A5/SLCO3A1/SLC36A4/SLC51B/NMB/TNFSF11",21
"GO:0032869","BP","GO:0032869","cellular response to insulin stimulus","18/638","226/18862",0.000705983473343001,0.042216309613415,0.0376550871616205,"PDK4/NR1H4/BCAR1/PRKCZ/PCK2/EEF2K/SLC39A14/RARRES2/PCK1/LPIN3/ATP6V1G1/SRD5A1/EIF4EBP2/MARS1/SLC27A4/C1QTNF12/FOXO4/PTPN1",18
"GO:0042760","BP","GO:0042760","very long-chain fatty acid catabolic process","3/638","6/18862",0.000713650429727537,0.0422255691105104,0.037663346224845,"ABCD4/SLC27A2/SLC27A4",3
"GO:0001771","BP","GO:0001771","immunological synapse formation","4/638","13/18862",0.000726447566061007,0.0425258329342456,0.0379311683191438,"NCK2/CCR7/CCL21/CCL19",4
"GO:0071375","BP","GO:0071375","cellular response to peptide hormone stimulus","23/638","325/18862",0.000733856216798047,0.0425258329342456,0.0379311683191438,"PDK4/PRKAR2B/NR1H4/BCAR1/PRKCZ/JAK2/PCK2/EEF2K/SLC39A14/RARRES2/PRKAR1A/NFKB1/PCK1/LPIN3/ATP6V1G1/SRD5A1/EIF4EBP2/ADCY9/MARS1/SLC27A4/C1QTNF12/FOXO4/PTPN1",23
"GO:0006694","BP","GO:0006694","steroid biosynthetic process","16/638","190/18862",0.00075743098189568,0.0434440770330165,0.0387502015764675,"NR1H4/ACACB/HSD17B2/NFKB1/LPCAT3/SCP2/CYP27A1/FDX1/SLC27A2/OSBPL1A/SRD5A1/ATP1A1/CYB5R2/ACOX2/PBX1/AKR1C3",16
"GO:0030072","BP","GO:0030072","peptide hormone secretion","19/638","247/18862",0.000775338574468861,0.044022001283732,0.0392656845315809,"SLC25A5/NR1H4/GAL/JAK2/PCK2/ARL2BP/SMPD3/EDN3/HNF1A/CAMK2G/GLUD1/GJA1/PRKCA/KALRN/C2CD2L/C1QTNF12/PIM3/TNFSF11/BLK",19
"GO:0046394","BP","GO:0046394","carboxylic acid biosynthetic process","23/638","327/18862",0.000797583052344188,0.0448321433722668,0.0399882955612144,"PDK4/NR1H4/ALDH18A1/ASNS/ACACB/PECR/SCP2/CTH/MTHFD1L/EPHX2/GLUL/CYP27A1/SUCLA2/SLC27A2/OSBPL1A/MGST3/GLUD1/HPGD/ACOX2/GSTM4/ACOT4/AKR1C3/DECR2",23
"GO:0006487","BP","GO:0006487","protein N-linked glycosylation","9/638","74/18862",0.000852132441609226,0.047424123309757,0.0423002274036972,"MGAT4A/ST6GAL1/PMM1/ALG2/TMEM258/TMEM165/SLC39A8/MGAT4B/DOLPP1",9
"GO:0071577","BP","GO:0071577","zinc ion transmembrane transport","5/638","23/18862",0.000883659094424052,0.0484503172463237,0.0432155471576026,"SLC39A14/SLC39A8/SLC39A5/SLC39A4/SLC30A1",5
"GO:0019318","BP","GO:0019318","hexose metabolic process","19/638","250/18862",0.000895903398319656,0.0484503172463237,0.0432155471576026,"PDK4/FAM3A/ACACB/CREM/PMM1/PCK2/POFUT1/SLC39A14/PCK1/SESN2/PMAIP1/RORC/FUT6/ADPGK/PGM2L1/GLYCTK/MPI/C1QTNF12/PPARA",19
"GO:0050870","BP","GO:0050870","positive regulation of T cell activation","17/638","212/18862",0.000911017208528714,0.0484503172463237,0.0432155471576026,"PRKCZ/CBFB/NCK2/CD276/RIPK2/PCK1/IL6ST/MALT1/CD83/TNFSF11/CCR7/TESPA1/CCL21/LEF1/CCL19/BTLA/CARD11",17
"GO:0009267","BP","GO:0009267","cellular response to starvation","14/638","157/18862",0.000911619519614585,0.0484503172463237,0.0432155471576026,"AOC1/PDK4/ASNS/MAPK3/PCK1/SESN2/SLC39A5/PMAIP1/SRD5A1/SLC39A4/MARS1/PPARA/AKR1C3/MAP3K5",14
"GO:0045619","BP","GO:0045619","regulation of lymphocyte differentiation","15/638","175/18862",0.000913669031864493,0.0484503172463237,0.0432155471576026,"PRKCZ/CBFB/SOS2/ATP11C/RIPK2/PCK1/MALT1/TCF7/CD83/TESPA1/LEF1/FCRL3/IKZF3/CCL19/CARD11",15
"GO:0006690","BP","GO:0006690","icosanoid metabolic process","12/638","123/18862",0.00095160994280312,0.0499906494251994,0.0445894555589893,"MAPK3/PTGR1/EPHX2/CYP2J2/MGST3/ACOX1/HPGD/CYP2S1/CES2/ZADH2/CYP4F12/AKR1C3",12
"GO:0005777","CC","GO:0005777","peroxisome","25/665","136/19520",4.98200063532672e-12,1.46221718646839e-09,1.31891911556281e-09,"AOC1/CROT/ACAA1/ALDH3A2/CRAT/PXMP4/PHYH/PECR/SCP2/MTARC2/HSDL2/ABCD4/EPHX2/CAT/RIDA/SLC27A2/NUDT7/ACOX1/TMEM135/ACOX2/ACOT4/ZADH2/STING1/ECI2/DECR2",25
"GO:0042579","CC","GO:0042579","microbody","25/665","136/19520",4.98200063532672e-12,1.46221718646839e-09,1.31891911556281e-09,"AOC1/CROT/ACAA1/ALDH3A2/CRAT/PXMP4/PHYH/PECR/SCP2/MTARC2/HSDL2/ABCD4/EPHX2/CAT/RIDA/SLC27A2/NUDT7/ACOX1/TMEM135/ACOX2/ACOT4/ZADH2/STING1/ECI2/DECR2",25
"GO:0005903","CC","GO:0005903","brush border","17/665","101/19520",5.08238744025893e-08,9.94453809143996e-06,8.96996800859733e-06,"USH1C/ACTN1/CDHR2/CDHR5/MYH14/SLC9A3R1/ABCG2/VIL1/SLC3A1/AMN/MYO1A/SLC27A4/MYO7B/PDZD3/ANKS4B/ESPN/SLC22A5",17
"GO:0005782","CC","GO:0005782","peroxisomal matrix","12/665","51/19520",1.0396912239103e-07,1.2205974968707e-05,1.10097828553028e-05,"CROT/ACAA1/CRAT/PHYH/SCP2/EPHX2/CAT/NUDT7/ACOX1/ACOX2/ACOT4/ECI2",12
"GO:0031907","CC","GO:0031907","microbody lumen","12/665","51/19520",1.0396912239103e-07,1.2205974968707e-05,1.10097828553028e-05,"CROT/ACAA1/CRAT/PHYH/SCP2/EPHX2/CAT/NUDT7/ACOX1/ACOX2/ACOT4/ECI2",12
"GO:0045177","CC","GO:0045177","apical part of cell","36/665","414/19520",2.8942245815274e-07,2.83151638226097e-05,2.5540262535233e-05,"USH1C/PRKCZ/HYAL2/PALS1/CDHR2/PLD1/PTPRH/ABCB1/ABCC6/CDHR5/ITPK1/SLC52A3/ANXA13/SLC39A14/SLC1A1/SLC9A3R1/ABCG2/CNTFR/RAB17/SLC39A8/SLC17A4/SLC39A4/HOMER1/GJA1/CNKSR3/ENPP3/TNIK/ATP1A1/AMN/MYO1A/CLIC4/MYO7B/PDZD3/C2CD2L/CYP4F12/SLC22A5",36
"GO:0016324","CC","GO:0016324","apical plasma membrane","32/665","351/19520",4.68949841071674e-07,3.93247938155818e-05,3.54709428660228e-05,"PRKCZ/HYAL2/PALS1/CDHR2/PLD1/PTPRH/ABCB1/ABCC6/CDHR5/ITPK1/SLC52A3/ANXA13/SLC39A14/SLC1A1/SLC9A3R1/ABCG2/CNTFR/RAB17/SLC39A8/SLC17A4/SLC39A4/GJA1/CNKSR3/ENPP3/TNIK/ATP1A1/AMN/MYO1A/PDZD3/C2CD2L/CYP4F12/SLC22A5",32
"GO:0005741","CC","GO:0005741","mitochondrial outer membrane","22/665","195/19520",9.04656812779855e-07,6.63791936377219e-05,5.98739969510878e-05,"BID/LETMD1/ACACB/PGRMC1/MFN2/MTARC2/CISD1/BPHL/HADHB/RNF185/PMAIP1/MCL1/MIGA2/GJA1/TOMM40L/MIGA1/STING1/PPP1CC/ACSL5/VPS13A/MARCHF5/TRAF3IP3",22
"GO:0098862","CC","GO:0098862","cluster of actin-based cell projections","19/665","156/19520",1.57480595606876e-06,0.000102712344023596,9.26464790529342e-05,"USH1C/ACTN1/CDHR2/CDC14A/CDHR5/MYH14/SLC9A3R1/ABCG2/VIL1/SLC3A1/AMN/MYO1A/SLC27A4/MYO7B/PDZD3/ANKS4B/EPS8L2/ESPN/SLC22A5",19
"GO:0031968","CC","GO:0031968","organelle outer membrane","23/665","220/19520",1.9501660322043e-06,0.000114474746090392,0.000103256159389343,"BID/RETSAT/LETMD1/ACACB/PGRMC1/MFN2/MTARC2/CISD1/BPHL/HADHB/RNF185/PMAIP1/MCL1/MIGA2/GJA1/TOMM40L/MIGA1/STING1/PPP1CC/ACSL5/VPS13A/MARCHF5/TRAF3IP3",23
"GO:0019867","CC","GO:0019867","outer membrane","23/665","222/19520",2.27820934672398e-06,0.000114647584454504,0.00010341205950079,"BID/RETSAT/LETMD1/ACACB/PGRMC1/MFN2/MTARC2/CISD1/BPHL/HADHB/RNF185/PMAIP1/MCL1/MIGA2/GJA1/TOMM40L/MIGA1/STING1/PPP1CC/ACSL5/VPS13A/MARCHF5/TRAF3IP3",23
"GO:0005902","CC","GO:0005902","microvillus","14/665","91/19520",2.34373256125051e-06,0.000114647584454504,0.00010341205950079,"USH1C/HYAL2/CDHR2/PTPRH/CDHR5/SLC9A3R1/VIL1/IQGAP2/MYO1A/SLC27A4/CLIC4/MYO7B/ANKS4B/ESPN",14
"GO:0005759","CC","GO:0005759","mitochondrial matrix","36/665","476/19520",7.41639874717559e-06,0.000334878928045544,0.000302060612941646,"PDK4/SLC25A5/HAGH/MTHFD2/REXO2/ME2/HADHA/PCK2/ARL2BP/DECR1/OGDH/GARS1/COQ5/ACADM/ALDH6A1/MTHFD1L/ACADS/ECHS1/MPST/ATG4D/RIDA/CYP27A1/SUCLA2/FDX1/HADHB/AUH/GLUD1/ACOT11/ECI1/BTD/NUDT9/ETFDH/FAHD1/ABAT/TDRD7/PTPN1",36
"GO:0032449","CC","GO:0032449","CBM complex","3/665","4/19520",0.000153461493491976,0.00643442119141356,0.00580384445311758,"CARD10/MALT1/CARD11",3
"GO:0005778","CC","GO:0005778","peroxisomal membrane","9/665","61/19520",0.000208332931381528,0.00764321442005981,0.00689417529505978,"ALDH3A2/PXMP4/PECR/ABCD4/CAT/SLC27A2/ACOX1/TMEM135/DECR2",9
"GO:0031903","CC","GO:0031903","microbody membrane","9/665","61/19520",0.000208332931381528,0.00764321442005981,0.00689417529505978,"ALDH3A2/PXMP4/PECR/ABCD4/CAT/SLC27A2/ACOX1/TMEM135/DECR2",9
"GO:0043296","CC","GO:0043296","apical junction complex","14/665","137/19520",0.000246858342197933,0.00852387334530509,0.00768852917186131,"AOC1/YBX3/PRKCZ/PALS1/TRAF4/CAMSAP3/MARVELD3/CGN/ANK3/MAGI1/PLEKHA7/SYNPO/PDZD3/MAGI2",14
"GO:0032426","CC","GO:0032426","stereocilium tip","5/665","19/19520",0.000353178133461203,0.0115175313523181,0.0103888070836833,"USH1C/CDC14A/SLC9A3R1/EPS8L2/ESPN",5
"GO:0031526","CC","GO:0031526","brush border membrane","8/665","59/19520",0.000832154891432211,0.0257092063826688,0.0231896903263381,"CDHR2/CDHR5/SLC9A3R1/ABCG2/SLC3A1/AMN/SLC27A4/SLC22A5",8
"GO:0070160","CC","GO:0070160","tight junction","12/665","124/19520",0.00108829259093769,0.0319413875440213,0.02881111438114,"AOC1/YBX3/PRKCZ/PALS1/TRAF4/MARVELD3/CGN/ANK3/MAGI1/GJA1/SYNPO/MAGI2",12
"GO:0017090","CC","GO:0017090","meprin A complex","2/665","2/19520",0.00115891703669984,0.0323944905020385,0.0292198130055149,"MEP1A/MEP1B",2
"GO:0016627","MF","GO:0016627","oxidoreductase activity, acting on the CH-CH group of donors","15/654","59/18337",1.5237083779379e-09,2.05700631021617e-06,1.65843627661873e-06,"RETSAT/ACAA1/BLVRB/CRAT/DECR1/PTGR1/PECR/ACADM/ACADS/SRD5A1/ACOX1/ACOX2/ZADH2/AKR1C3/DECR2",15
"GO:0004300","MF","GO:0004300","enoyl-CoA hydratase activity","6/654","10/18337",3.7383628321344e-07,0.000252339491169072,0.000203445640443525,"HADHA/ECHDC2/ECHS1/HADHB/AUH/ECI1",6
"GO:0016628","MF","GO:0016628","oxidoreductase activity, acting on the CH-CH group of donors, NAD or NADP as acceptor","8/654","26/18337",2.21675083642461e-06,0.000997537876391076,0.00080425275960107,"BLVRB/DECR1/PTGR1/PECR/SRD5A1/ZADH2/AKR1C3/DECR2",8
"GO:0016614","MF","GO:0016614","oxidoreductase activity, acting on CH-OH group of donors","16/654","130/18337",1.58951631007662e-05,0.00536461754650859,0.00432515753847165,"CHDH/ALDH3A2/ME2/HADHA/HSD17B2/PTGR1/LDHB/HADHB/AKR7A3/DHRS3/HPGD/CRYL1/ADH6/ZADH2/AKR1C3/AKR1B10",16
"GO:0016829","MF","GO:0016829","lyase activity","20/654","194/18337",2.12762946826197e-05,0.00574459956430733,0.00463151341091133,"DERA/ME2/HADHA/PCK2/CTH/ECHDC2/PCK1/MOCS1/ECHS1/DDC/HADHB/MGST3/AUH/ALAD/ADCY9/CENPV/CYP2S1/ECI1/GSTM4/FAHD1",20
"GO:0050633","MF","GO:0050633","acetyl-CoA C-myristoyltransferase activity","3/654","3/18337",4.51673619407587e-05,0.00868991533531877,0.00700613836781256,"ACAA1/SCP2/HADHB",3
"GO:0003988","MF","GO:0003988","acetyl-CoA C-acyltransferase activity","4/654","7/18337",5.14957945796668e-05,0.00868991533531877,0.00700613836781256,"ACAA1/HADHA/SCP2/HADHB",4
"GO:0003997","MF","GO:0003997","acyl-CoA oxidase activity","4/654","7/18337",5.14957945796668e-05,0.00868991533531877,0.00700613836781256,"ACAA1/CRAT/ACOX1/ACOX2",4
"GO:0016747","MF","GO:0016747","transferase activity, transferring acyl groups other than amino-acyl groups","21/654","225/18337",5.88187639350494e-05,0.00882281459025741,0.00711328677296387,"CROT/ACAA1/HADHA/CRAT/ABHD4/MOGAT3/NAT9/LPCAT3/SCP2/GLUL/HADHB/GPAT3/CERS5/KAT14/NAT2/PAFAH2/AGPAT3/MOGAT2/AGPAT2/SPTLC3/AGPAT1",21
"GO:0071617","MF","GO:0071617","lysophospholipid acyltransferase activity","6/654","21/18337",6.8995457289384e-05,0.00931438673406683,0.00750961082497084,"ABHD4/LPCAT3/GPAT3/AGPAT3/AGPAT2/AGPAT1",6
"GO:0016616","MF","GO:0016616","oxidoreductase activity, acting on the CH-OH group of donors, NAD or NADP as acceptor","14/654","120/18337",9.6101711370792e-05,0.0108114936529854,0.00871663503874226,"ME2/HADHA/HSD17B2/PTGR1/LDHB/HADHB/AKR7A3/DHRS3/HPGD/CRYL1/ADH6/ZADH2/AKR1C3/AKR1B10",14
"GO:0008374","MF","GO:0008374","O-acyltransferase activity","9/654","53/18337",9.6102165804315e-05,0.0108114936529854,0.00871663503874226,"CROT/CRAT/MOGAT3/LPCAT3/GPAT3/AGPAT3/MOGAT2/AGPAT2/AGPAT1",9
"GO:0016746","MF","GO:0016746","transferase activity, transferring acyl groups","22/654","254/18337",0.000119966057172489,0.0124580136294508,0.0100441217098262,"CROT/ACAA1/HADHA/CRAT/ABHD4/MOGAT3/NAT9/LPCAT3/QPCT/SCP2/GLUL/HADHB/GPAT3/CERS5/KAT14/NAT2/PAFAH2/AGPAT3/MOGAT2/AGPAT2/SPTLC3/AGPAT1",22
"GO:0050660","MF","GO:0050660","flavin adenine dinucleotide binding","11/654","81/18337",0.00013690126583678,0.0132011934914038,0.0106433014191903,"CHDH/FMO4/ACADM/ACADS/GFER/POR/FMO5/ACOX1/CYB5R2/ACOX2/ETFDH",11
"GO:0030165","MF","GO:0030165","PDZ domain binding","11/654","83/18337",0.000170910619679701,0.0139651994254108,0.0112592718954189,"LNX1/PLEKHA1/SLC9A3R1/ACVR2A/ARHGEF16/LNX2/GJA1/ACOX1/GNG12/SLC22A5/PLEKHA2",11
"GO:0051015","MF","GO:0051015","actin filament binding","19/654","208/18337",0.000172888276096575,0.0139651994254108,0.0112592718954189,"LASP1/USH1C/SCIN/ACTN1/CAMSAP3/NEBL/MISP/TNNC2/MYH14/VIL1/VILL/ARPC5L/IQGAP2/FMNL2/ABLIM2/CFL2/MYO1A/MYO7B/ESPN",19
"GO:0016401","MF","GO:0016401","palmitoyl-CoA oxidase activity","3/654","4/18337",0.000175858066838506,0.0139651994254108,0.0112592718954189,"ACAA1/ACOX1/ACOX2",3
"GO:0016411","MF","GO:0016411","acylglycerol O-acyltransferase activity","6/654","25/18337",0.000199363351341452,0.0149522513506089,0.0120550704846234,"MOGAT3/GPAT3/AGPAT3/MOGAT2/AGPAT2/AGPAT1",6
"GO:0008509","MF","GO:0008509","anion transmembrane transporter activity","32/654","459/18337",0.000252075570171538,0.0179106326174514,0.0144402293383585,"SLC25A5/ABCB1/ABCC6/SLC17A9/SLC52A3/SLC39A14/SLC1A1/SLC9A3R1/ABCG2/SLC36A1/SLC35D2/SLC19A3/SLC3A1/SLC39A8/SLC27A2/MCL1/SLC17A4/SIDT2/GJA1/TOMM40L/ANO10/SLC51A/TMEM144/SFXN1/SLC25A32/CLIC4/SLC16A5/SLCO3A1/SLC25A20/SLC36A4/SLC51B/SLC22A5",32
"GO:0016634","MF","GO:0016634","oxidoreductase activity, acting on the CH-CH group of donors, oxygen as acceptor","4/654","10/18337",0.000283539558983542,0.0191389202313891,0.015430521262578,"ACAA1/CRAT/ACOX1/ACOX2",4
"GO:0042171","MF","GO:0042171","lysophosphatidic acid acyltransferase activity","5/654","18/18337",0.000330753596571617,0.0212627312081754,0.0171428179877219,"ABHD4/GPAT3/AGPAT3/AGPAT2/AGPAT1",5
"GO:0019107","MF","GO:0019107","myristoyltransferase activity","3/654","5/18337",0.000427957891635537,0.0262610524412716,0.0211726535861792,"ACAA1/SCP2/HADHB",3
"GO:0016408","MF","GO:0016408","C-acyltransferase activity","5/654","20/18337",0.000564109495775743,0.0331107747520545,0.0266951587474654,"ACAA1/HADHA/SCP2/HADHB/SPTLC3",5
"GO:0005385","MF","GO:0005385","zinc ion transmembrane transporter activity","5/654","21/18337",0.000718832632802734,0.0397187535112505,0.0320227611155033,"SLC39A14/SLC39A8/SLC39A5/SLC39A4/SLC30A1",5
"GO:0042578","MF","GO:0042578","phosphoric ester hydrolase activity","26/654","367/18337",0.000735532472430564,0.0397187535112505,0.0320227611155033,"PHLPP2/TDP1/INPP5A/PLD1/CDC14A/PTPRH/CDC14B/SMPD3/TDP2/EPHX2/PTPN12/GDPD2/LPIN3/PTPRF/PRUNE1/CAMK2G/ENPP3/PLCL2/BPNT1/ATP1A1/UBLCP1/SMPDL3A/INPP5J/PPP1CC/PTPN1/FICD",26
"GO:0004674","MF","GO:0004674","protein serine/threonine kinase activity","29/654","430/18337",0.000819741263559411,0.0425634886848156,0.0343162941911106,"DAPK2/PRKCZ/TESK2/RPS6KA5/RIOK3/MAPK3/EEF2K/RIPK2/HTATIP2/ACVR2B/PRKD3/RPS6KA1/ACVR2A/ITPKA/ULK3/CAMK2G/PRKCA/TNIK/CDK19/CDK20/KALRN/MLKL/RIPK4/MAP3K5/PIM3/TOP1/CSNK1E/MAP3K1/ALPK2",29
"GO:0016903","MF","GO:0016903","oxidoreductase activity, acting on the aldehyde or oxo group of donors","7/654","44/18337",0.000863198164253985,0.0431599082126992,0.034797150169147,"ALDH18A1/ALDH3A2/OGDH/ALDH6A1/FMO5/AKR1C3/AKR1B10",7
"GO:0070403","MF","GO:0070403","NAD+ binding","4/654","14/18337",0.00120586288971353,0.0463436343308798,0.0373639905638438,"GLUD1/HPGD/CRYL1/PARP15",4
"GO:0004611","MF","GO:0004611","phosphoenolpyruvate carboxykinase activity","2/654","2/18337",0.00127015886684634,0.0463436343308798,0.0373639905638438,"PCK2/PCK1",2
"GO:0004613","MF","GO:0004613","phosphoenolpyruvate carboxykinase (GTP) activity","2/654","2/18337",0.00127015886684634,0.0463436343308798,0.0373639905638438,"PCK2/PCK1",2
"GO:0008458","MF","GO:0008458","carnitine O-octanoyltransferase activity","2/654","2/18337",0.00127015886684634,0.0463436343308798,0.0373639905638438,"CROT/CRAT",2
"GO:0008670","MF","GO:0008670","2,4-dienoyl-CoA reductase (NADPH) activity","2/654","2/18337",0.00127015886684634,0.0463436343308798,0.0373639905638438,"DECR1/DECR2",2
"GO:0016414","MF","GO:0016414","O-octanoyltransferase activity","2/654","2/18337",0.00127015886684634,0.0463436343308798,0.0373639905638438,"CROT/CRAT",2
"GO:0031732","MF","GO:0031732","CCR7 chemokine receptor binding","2/654","2/18337",0.00127015886684634,0.0463436343308798,0.0373639905638438,"CCL21/CCL19",2
"GO:0042943","MF","GO:0042943","D-amino acid transmembrane transporter activity","2/654","2/18337",0.00127015886684634,0.0463436343308798,0.0373639905638438,"SLC1A1/SFXN1",2
"GO:0045550","MF","GO:0045550","geranylgeranyl reductase activity","2/654","2/18337",0.00127015886684634,0.0463436343308798,0.0373639905638438,"AKR1C3/AKR1B10",2
"GO:0070259","MF","GO:0070259","tyrosyl-DNA phosphodiesterase activity","2/654","2/18337",0.00127015886684634,0.0463436343308798,0.0373639905638438,"TDP1/TDP2",2
"GO:0120227","MF","GO:0120227","acyl-CoA binding","5/654","24/18337",0.00137430081977204,0.0488238449129542,0.0393636301286508,"SCP2/ALDH6A1/PANK3/ACOT11/ECI2",5
